filename,rtt
00-04.xml,64.99309524
04-08.xml,5.74952381
08-12.xml,10.07452381
12-16.xml,1.73
16-20.xml,7.84825
20-00.xml,31.28684211
