filename,rtt
5nov.xml,38.56425
6nov.xml,26
7nov.xml,30.01842105
8nov.xml,28.99382353
9nov.xml,51.76184211
10nov.xml,29.56842105
11nov.xml,31.28684211
